{
  "omega": 4.446384377469112e-06,
  "alpha": 0.26,
  "beta": 0.7324999999999999,
  "alpha_plus_beta": 0.9924999999999999,
  "training_return_variance": 0.0005928512503292101,
  "negative_log_likelihood": -2565.6954280282894
}
