{
  "omega": 4.444219927092694e-06,
  "alpha": 0.26,
  "beta": 0.7324999999999999,
  "alpha_plus_beta": 0.9924999999999999,
  "training_return_variance": 0.0005925626569456876,
  "negative_log_likelihood": -2516.2660088439425
}
